brand,eans,file_urls,files,model,model_2,product,product_lang,product_parent,source,thumb,type,url
Medela,,https://www.medela.com/dam/medela-com/breastfeeding-consumer/documents/products/freestyle-hands-free-breast-pump.pdf/null.pdf?uuid=jcr:ac35a8c0-0b5d-47e0-90a2-dfe1986034ec,,Freestyle,,Breast Pumps,en,,medala.com,https://www.medela.com/.imaging/mte/medela-2018/product/dam/products/freestyle-hands-free-breast-pump/medela-freestyle-handsfree-inbra-breast-pump.jpg/jcr:content/medela-freestyle-handsfree-inbra-breast-pump.jpg,Instructions for use,https://www.medela.com/breastfeeding/products/breast-pumps/freestyle-hands-free
Medela,,https://www.medela.com/dam/medela-com/breastfeeding-consumer/documents/products/freestyle-hands-free-breast-pump.pdf/doc-freestyle-hands-free.pdf?uuid=jcr:7b54e794-c406-40dd-9cad-d2a484b69c26,,Freestyle,,Breast Pumps,en,,medala.com,https://www.medela.com/.imaging/mte/medela-2018/product/dam/products/freestyle-hands-free-breast-pump/medela-freestyle-handsfree-inbra-breast-pump.jpg/jcr:content/medela-freestyle-handsfree-inbra-breast-pump.jpg,Instructions for use,https://www.medela.com/breastfeeding/products/breast-pumps/freestyle-hands-free
Medela,,https://www.medela.com/dam/medela-com/breastfeeding-consumer/documents/products/harmony.pdf0/null.pdf?uuid=jcr:cce0f278-cd60-4938-b305-ed8ebd3301f4,,Harmony - Manual,,Breast Pumps,en,,medala.com,https://www.medela.com/.imaging/mte/medela-2018/product/dam/medela-com/breastfeeding-consumer/pictures/products/Harmony-2.0/harmony-new.jpg/jcr:content/harmony-new.jpg,Instructions for use,https://www.medela.com/breastfeeding/products/breast-pumps/harmony--manual-breast-pump
Medela,,https://www.medela.com/dam/medela-com/breastfeeding-consumer/documents/products/swing-maxi_new.pdf/medela-swing-maxi-instructions-for-use.pdf?uuid=jcr:6c3aece0-afbf-4926-b33d-9061176ce93e,,Swing Maxi,,Breast Pumps,en,,medala.com,https://www.medela.com/.imaging/mte/medela-2018/product/dam/medela-com/breastfeeding-consumer/pictures/products/SWING_NEW_REDESIGN/SWING_NEW_REDESIGN/1000x1000-Product-visual.jpg/jcr:content/Swing%20maxi%20new.jpg,Instructions for use,https://www.medela.com/breastfeeding/products/breast-pumps/swing-maxi-new
Medela,,https://www.medela.com/dam/medela-com/breastfeeding-consumer/documents/products/personal-fit-breast-shield.pdf/english-personalfit-factsheet-low.pdf?uuid=jcr:35b86f4c-e827-4d7c-bada-0a082e87ee64,,Swing Maxi,,Breast Pumps,en,,medala.com,https://www.medela.com/.imaging/mte/medela-2018/product/dam/medela-com/breastfeeding-consumer/pictures/products/SWING_NEW_REDESIGN/SWING_NEW_REDESIGN/1000x1000-Product-visual.jpg/jcr:content/Swing%20maxi%20new.jpg,Instructions for use,https://www.medela.com/breastfeeding/products/breast-pumps/swing-maxi-new
Medela,,https://www.medela.com/dam/medela-com/breastfeeding-consumer/documents/products/flex/ME12_06_Education-piece-for-Flex_shield-fitting-importance_12.03.18.pdf/medela-why-breast-shield-is-key-to-successful-pumping.pdf?uuid=jcr:ed3e15f6-f07a-4f70-bd4e-499417e6f87d,,Swing Maxi,,Breast Pumps,en,,medala.com,https://www.medela.com/.imaging/mte/medela-2018/product/dam/medela-com/breastfeeding-consumer/pictures/products/SWING_NEW_REDESIGN/SWING_NEW_REDESIGN/1000x1000-Product-visual.jpg/jcr:content/Swing%20maxi%20new.jpg,Instructions for use,https://www.medela.com/breastfeeding/products/breast-pumps/swing-maxi-new
Medela,,https://www.medela.com/dam/medela-com/breastfeeding-consumer/documents/products/Pumps/solo/Solo-Single-Electric-Pump-How-to-Use.pdf/null.pdf?uuid=jcr:82da5f55-6b5b-4c61-a2e1-b1f2ab694511,,Solo – Single Electric,,Breast Pumps,en,,medala.com,https://www.medela.com/.imaging/mte/medela-2018/product/dam/medela-com/breastfeeding-consumer/pictures/products/solo/SoloSingleElectricPumpProductImage.jpg/jcr:content/Solo%20pump%20NEW.jpg,Instructions for use,https://www.medela.com/breastfeeding/products/breast-pumps/solo-single-electric-breast-pump
Medela,,https://www.medela.com/dam/medela-com/breastfeeding-consumer/documents/products/solo-hands-free.pdf/null.pdf?uuid=jcr:a3ea02e3-98c0-40c3-9c6d-5f08313147ea,,Solo,,Breast Pumps,en,,medala.com,https://www.medela.com/.imaging/mte/medela-2018/product/dam/medela-com/breastfeeding-consumer/pictures/products/solo-hands-free/SOLO_Handsfree_Image_with_Tubing.jpg/jcr:content/SOLO_Handsfree_Image_with_Tubing.jpg,Instructions for use,https://www.medela.com/breastfeeding/products/breast-pumps/solo-hands-free-breast-pump
Medela,,https://www.medela.com/dam/medela-com/breastfeeding-consumer/documents/general/Solo-HF_DoC-NMD-22-08-2023_a.pdf/null.pdf?uuid=jcr:79c6af05-2f18-4ef8-b5db-d0d89dc662a8,,Solo,,Breast Pumps,en,,medala.com,https://www.medela.com/.imaging/mte/medela-2018/product/dam/medela-com/breastfeeding-consumer/pictures/products/solo-hands-free/SOLO_Handsfree_Image_with_Tubing.jpg/jcr:content/SOLO_Handsfree_Image_with_Tubing.jpg,Instructions for use,https://www.medela.com/breastfeeding/products/breast-pumps/solo-hands-free-breast-pump
Medela,,https://www.medela.com/dam/medela-com/breastfeeding-consumer/documents/products/Freestyle-Flex--Kolibri-.pdf/medela-freestyle-flex-instructions-for-use.pdf?uuid=jcr:2750b955-a9cc-4913-8fd4-0d564e45ef07,,Freestyle Flex,,Breast Pumps,en,,medala.com,https://www.medela.com/.imaging/mte/medela-2018/product/dam/medela-com/breastfeeding-consumer/pictures/products/flex/freestyle/Freestyle-Flex-with-pump-set-pump-in-front-8-with-NEW--2-.jpg/jcr:content/Freestyle-Flex-with-pump-set-pump-in-front-8-with-NEW.jpg,Instructions for use,https://www.medela.com/breastfeeding/products/breast-pumps/freestyle-flex
Medela,,https://www.medela.com/dam/medela-com/breastfeeding-consumer/documents/products/flex.pdf/freestyle-flex-product-leaflet.pdf?uuid=jcr:04513a9b-1f9a-42d4-a9f7-c11a7aeb4be4,,Freestyle Flex,,Breast Pumps,en,,medala.com,https://www.medela.com/.imaging/mte/medela-2018/product/dam/medela-com/breastfeeding-consumer/pictures/products/flex/freestyle/Freestyle-Flex-with-pump-set-pump-in-front-8-with-NEW--2-.jpg/jcr:content/Freestyle-Flex-with-pump-set-pump-in-front-8-with-NEW.jpg,Instructions for use,https://www.medela.com/breastfeeding/products/breast-pumps/freestyle-flex
Medela,,https://www.medela.com/dam/medela-com/breastfeeding-consumer/documents/products/flex/ME12_06_Education-piece-for-Flex_shield-fitting-importance_12.03.18.pdf/medela-why-breast-shield-is-key-to-successful-pumping.pdf?uuid=jcr:ed3e15f6-f07a-4f70-bd4e-499417e6f87d,,Freestyle Flex,,Breast Pumps,en,,medala.com,https://www.medela.com/.imaging/mte/medela-2018/product/dam/medela-com/breastfeeding-consumer/pictures/products/flex/freestyle/Freestyle-Flex-with-pump-set-pump-in-front-8-with-NEW--2-.jpg/jcr:content/Freestyle-Flex-with-pump-set-pump-in-front-8-with-NEW.jpg,Instructions for use,https://www.medela.com/breastfeeding/products/breast-pumps/freestyle-flex
Medela,,https://www.medela.com/dam/medela-com/breastfeeding-consumer/documents/products/personal-fit-breast-shield.pdf/medela-personalfit-plus-breast-shield-factsheet.pdf?uuid=jcr:3935a4b8-8fda-4cc6-85ab-b18e534ea467,,Freestyle Flex,,Breast Pumps,en,,medala.com,https://www.medela.com/.imaging/mte/medela-2018/product/dam/medela-com/breastfeeding-consumer/pictures/products/flex/freestyle/Freestyle-Flex-with-pump-set-pump-in-front-8-with-NEW--2-.jpg/jcr:content/Freestyle-Flex-with-pump-set-pump-in-front-8-with-NEW.jpg,Instructions for use,https://www.medela.com/breastfeeding/products/breast-pumps/freestyle-flex
Medela,,https://www.medela.com/dam/medela-com/breastfeeding-consumer/documents/products/flex/ME12_06_Commercial-Flex_12.03.18_V1.pdf/medela-personalfit-flex-breast-shield-technology.pdf?uuid=jcr:be6cf17f-3351-4362-a55c-9e6d8347997a,,Freestyle Flex,,Breast Pumps,en,,medala.com,https://www.medela.com/.imaging/mte/medela-2018/product/dam/medela-com/breastfeeding-consumer/pictures/products/flex/freestyle/Freestyle-Flex-with-pump-set-pump-in-front-8-with-NEW--2-.jpg/jcr:content/Freestyle-Flex-with-pump-set-pump-in-front-8-with-NEW.jpg,Instructions for use,https://www.medela.com/breastfeeding/products/breast-pumps/freestyle-flex
Medela,,https://www.medela.com/dam/medela-com/breastfeeding-consumer/documents/general/EU-Declaration-of-Conformity-Freestyle-Hands-Free-20220425-.pdf/eu-declaration-of-conformity-freestyle-hands-free.pdf?uuid=jcr:fef8c186-c75a-458d-83ab-8267b233669f,,Freestyle Flex,,Breast Pumps,en,,medala.com,https://www.medela.com/.imaging/mte/medela-2018/product/dam/medela-com/breastfeeding-consumer/pictures/products/flex/freestyle/Freestyle-Flex-with-pump-set-pump-in-front-8-with-NEW--2-.jpg/jcr:content/Freestyle-Flex-with-pump-set-pump-in-front-8-with-NEW.jpg,Instructions for use,https://www.medela.com/breastfeeding/products/breast-pumps/freestyle-flex
Medela,,https://www.medela.com/dam/medela-com/breastfeeding-consumer/documents/products/flex.pdf/201-0535-2023-06-d-falt-ifu-personalfit-plus-multi.pdf?uuid=jcr:0459d567-b844-462e-9ec3-1334ca3d27d5,,PersonalFit Flex,,Breast Pumps,en,,medala.com,https://www.medela.com/.imaging/mte/medela-2018/product/dam/medela-com/breastfeeding-consumer/pictures/products/flex/personal_fit_flex_side_2017_lying.jpg/jcr:content/personal_fit_flex_side_2017_lying.jpg,Instructions for use,https://www.medela.com/breastfeeding/products/breast-pumps/personalfit-flex-breast-shield
Medela,,https://www.medela.com/dam/medela-com/breastfeeding-consumer/documents/products/flex/ME_12_07_Flex_A5-mini-brochure_12.03.18.pdf/medela-flex-technoology-range-brochure.pdf?uuid=jcr:32984e94-e5ed-49ab-b793-7c56ab1af121,,PersonalFit Flex,,Breast Pumps,en,,medala.com,https://www.medela.com/.imaging/mte/medela-2018/product/dam/medela-com/breastfeeding-consumer/pictures/products/flex/personal_fit_flex_side_2017_lying.jpg/jcr:content/personal_fit_flex_side_2017_lying.jpg,Instructions for use,https://www.medela.com/breastfeeding/products/breast-pumps/personalfit-flex-breast-shield
Medela,,https://www.medela.com/dam/medela-com/breastfeeding-consumer/documents/products/flex/ME12_06_Education-piece-for-Flex_shield-fitting-importance_12.03.18.pdf/medela-why-breast-shield-is-key-to-successful-pumping.pdf?uuid=jcr:ed3e15f6-f07a-4f70-bd4e-499417e6f87d,,PersonalFit Flex,,Breast Pumps,en,,medala.com,https://www.medela.com/.imaging/mte/medela-2018/product/dam/medela-com/breastfeeding-consumer/pictures/products/flex/personal_fit_flex_side_2017_lying.jpg/jcr:content/personal_fit_flex_side_2017_lying.jpg,Instructions for use,https://www.medela.com/breastfeeding/products/breast-pumps/personalfit-flex-breast-shield
Medela,,https://www.medela.com/dam/medela-com/breastfeeding-consumer/documents/products/personal-fit-breast-shield.pdf0/breast-shield-fitting-flyer.pdf?uuid=jcr:b51c9d9d-06f9-4875-9977-da8283ff8606,,PersonalFit Flex,,Breast Pumps,en,,medala.com,https://www.medela.com/.imaging/mte/medela-2018/product/dam/medela-com/breastfeeding-consumer/pictures/products/flex/personal_fit_flex_side_2017_lying.jpg/jcr:content/personal_fit_flex_side_2017_lying.jpg,Instructions for use,https://www.medela.com/breastfeeding/products/breast-pumps/personalfit-flex-breast-shield
Medela,,https://www.medela.com/dam/medela-com/breastfeeding-consumer/documents/products/flex.pdf/medela-swing-swingmaxi-flex-instructions-for-use.pdf?uuid=jcr:29ee18e6-b6da-498f-8389-b5f9491549d0,,Swing Flex,,Breast Pumps,en,,medala.com,https://www.medela.com/.imaging/mte/medela-2018/product/dam/medela-com/breastfeeding-consumer/pictures/products/flex/swing/swing_flex_key_2017.tif/jcr:content/swing_flex_key_2017.png,Instructions for use,https://www.medela.com/breastfeeding/products/breast-pumps/swing-flex
Medela,,https://www.medela.com/dam/medela-com/breastfeeding-consumer/documents/products/flex/ME_12_07_Flex_A5-mini-brochure_12.03.18.pdf/medela-flex-technoology-range-brochure.pdf?uuid=jcr:32984e94-e5ed-49ab-b793-7c56ab1af121,,Swing Flex,,Breast Pumps,en,,medala.com,https://www.medela.com/.imaging/mte/medela-2018/product/dam/medela-com/breastfeeding-consumer/pictures/products/flex/swing/swing_flex_key_2017.tif/jcr:content/swing_flex_key_2017.png,Instructions for use,https://www.medela.com/breastfeeding/products/breast-pumps/swing-flex
Medela,,https://www.medela.com/dam/medela-com/breastfeeding-consumer/documents/products/flex/ME12_06_Education-piece-for-Flex_shield-fitting-importance_12.03.18.pdf/medela-why-breast-shield-is-key-to-successful-pumping.pdf?uuid=jcr:ed3e15f6-f07a-4f70-bd4e-499417e6f87d,,Swing Flex,,Breast Pumps,en,,medala.com,https://www.medela.com/.imaging/mte/medela-2018/product/dam/medela-com/breastfeeding-consumer/pictures/products/flex/swing/swing_flex_key_2017.tif/jcr:content/swing_flex_key_2017.png,Instructions for use,https://www.medela.com/breastfeeding/products/breast-pumps/swing-flex
Medela,,https://www.medela.com/dam/medela-com/breastfeeding-consumer/documents/products/personal-fit-breast-shield.pdf0/breast-shield-fitting-flyer.pdf?uuid=jcr:b51c9d9d-06f9-4875-9977-da8283ff8606,,Swing Flex,,Breast Pumps,en,,medala.com,https://www.medela.com/.imaging/mte/medela-2018/product/dam/medela-com/breastfeeding-consumer/pictures/products/flex/swing/swing_flex_key_2017.tif/jcr:content/swing_flex_key_2017.png,Instructions for use,https://www.medela.com/breastfeeding/products/breast-pumps/swing-flex
Medela,,https://www.medela.com/dam/medela-com/breastfeeding-consumer/documents/products/flex.pdf/medela-flex-technology-range-table.pdf?uuid=jcr:0042bc13-3a68-47bb-a12d-24129ed022cf,,Swing Flex,,Breast Pumps,en,,medala.com,https://www.medela.com/.imaging/mte/medela-2018/product/dam/medela-com/breastfeeding-consumer/pictures/products/flex/swing/swing_flex_key_2017.tif/jcr:content/swing_flex_key_2017.png,Instructions for use,https://www.medela.com/breastfeeding/products/breast-pumps/swing-flex
Medela,,https://www.medela.com/dam/medela-com/breastfeeding-consumer/documents/products/silicon-breast-milk-collector/Silicon-Breast-Milk-Collector-IFU-for-article-101044201.pdf/null.pdf?uuid=jcr:c52b9e28-98cd-4ed3-9509-82ebf0d26a68,,Silicone Breast Milk Collector,,Breast Pumps,en,,medala.com,https://www.medela.com/.imaging/mte/medela-2018/product/dam/medela-com/breastfeeding-consumer/pictures/products/silicone-breast-milk-collector/silicone-breast-milk-collector-stopper-and-lanyard.png/jcr:content/Silicone%20Breast%20Milk%20Collector_Stopper%20and%20Lanyard.jpg,Instructions for use,https://www.medela.com/breastfeeding/products/breast-pumps/silicone-breast-milk-collector
Medela,,https://www.medela.com/dam/medela-com/breastfeeding-consumer/documents/products/flex.pdf/201-0535-2023-06-d-falt-ifu-personalfit-plus-multi.pdf?uuid=jcr:0459d567-b844-462e-9ec3-1334ca3d27d5,,PersonalFit Flex,,Breast Pumps,en,,medala.com,https://www.medela.com/.imaging/mte/medela-2018/product/dam/medela-com/breastfeeding-consumer/pictures/products/flex/connector/Connector.jpg/jcr:content/Connector.jpg,Instructions for use,https://www.medela.com/breastfeeding/products/breast-pumps/personalfit-flex-connector
Medela,,https://www.medela.com/dam/medela-com/breastfeeding-consumer/documents/products/flex/ME_12_07_Flex_A5-mini-brochure_12.03.18.pdf/medela-flex-technoology-range-brochure.pdf?uuid=jcr:32984e94-e5ed-49ab-b793-7c56ab1af121,,PersonalFit Flex,,Breast Pumps,en,,medala.com,https://www.medela.com/.imaging/mte/medela-2018/product/dam/medela-com/breastfeeding-consumer/pictures/products/flex/connector/Connector.jpg/jcr:content/Connector.jpg,Instructions for use,https://www.medela.com/breastfeeding/products/breast-pumps/personalfit-flex-connector
Medela,,https://www.medela.com/dam/medela-com/breastfeeding-consumer/documents/products/flex/ME12_06_Education-piece-for-Flex_shield-fitting-importance_12.03.18.pdf/medela-why-breast-shield-is-key-to-successful-pumping.pdf?uuid=jcr:ed3e15f6-f07a-4f70-bd4e-499417e6f87d,,PersonalFit Flex,,Breast Pumps,en,,medala.com,https://www.medela.com/.imaging/mte/medela-2018/product/dam/medela-com/breastfeeding-consumer/pictures/products/flex/connector/Connector.jpg/jcr:content/Connector.jpg,Instructions for use,https://www.medela.com/breastfeeding/products/breast-pumps/personalfit-flex-connector
Medela,,https://www.medela.com/dam/medela-com/breastfeeding-consumer/documents/products/breast-milk-storage-bag.pdf/breast-milk-storage-bags-instructions.pdf?uuid=jcr:a48ca32c-3e75-439f-b341-426c823333cb,,Breast milk storage bags,,Breast Milk Collecting,en,,medala.com,https://www.medela.com/.imaging/mte/medela-2018/product/dam/medela-com/breastfeeding-consumer/pictures/products/breast-milk-storage-bags/breast-milk-storage-bag-key.jpg/jcr:content/a-Medela-breast-milk-storage-bag-with-expressed-breast-milk-inside-it.jpg,Instructions for use,https://www.medela.com/breastfeeding/products/collecting/breast-milk-storage-bags
Medela,,https://www.medela.com/dam/medela-com/breastfeeding-consumer/documents/products/flex.pdf/medela-swing-swingmaxi-flex-instructions-for-use.pdf?uuid=jcr:29ee18e6-b6da-498f-8389-b5f9491549d0,,Swing Maxi Flex,,Breast Pumps,en,,medala.com,https://www.medela.com/.imaging/mte/medela-2018/product/dam/medela-com/breastfeeding-consumer/pictures/products/flex/swing-maxi/swing_maxi_flex_key_2017.jpg/jcr:content/swing_maxi_flex_key_2017.jpg,Instructions for use,https://www.medela.com/breastfeeding/products/breast-pumps/swing-maxi-flex
Medela,,https://www.medela.com/dam/medela-com/breastfeeding-consumer/documents/products/flex/ME_12_07_Flex_A5-mini-brochure_12.03.18.pdf/medela-flex-technoology-range-brochure.pdf?uuid=jcr:32984e94-e5ed-49ab-b793-7c56ab1af121,,Swing Maxi Flex,,Breast Pumps,en,,medala.com,https://www.medela.com/.imaging/mte/medela-2018/product/dam/medela-com/breastfeeding-consumer/pictures/products/flex/swing-maxi/swing_maxi_flex_key_2017.jpg/jcr:content/swing_maxi_flex_key_2017.jpg,Instructions for use,https://www.medela.com/breastfeeding/products/breast-pumps/swing-maxi-flex
Medela,,https://www.medela.com/dam/medela-com/breastfeeding-consumer/documents/products/flex/ME12_06_Education-piece-for-Flex_shield-fitting-importance_12.03.18.pdf/medela-why-breast-shield-is-key-to-successful-pumping.pdf?uuid=jcr:ed3e15f6-f07a-4f70-bd4e-499417e6f87d,,Swing Maxi Flex,,Breast Pumps,en,,medala.com,https://www.medela.com/.imaging/mte/medela-2018/product/dam/medela-com/breastfeeding-consumer/pictures/products/flex/swing-maxi/swing_maxi_flex_key_2017.jpg/jcr:content/swing_maxi_flex_key_2017.jpg,Instructions for use,https://www.medela.com/breastfeeding/products/breast-pumps/swing-maxi-flex
Medela,,https://www.medela.com/dam/medela-com/breastfeeding-consumer/documents/products/personal-fit-breast-shield.pdf/medela-personalfit-plus-breast-shield-factsheet.pdf?uuid=jcr:3935a4b8-8fda-4cc6-85ab-b18e534ea467,,Swing Maxi Flex,,Breast Pumps,en,,medala.com,https://www.medela.com/.imaging/mte/medela-2018/product/dam/medela-com/breastfeeding-consumer/pictures/products/flex/swing-maxi/swing_maxi_flex_key_2017.jpg/jcr:content/swing_maxi_flex_key_2017.jpg,Instructions for use,https://www.medela.com/breastfeeding/products/breast-pumps/swing-maxi-flex
Medela,,https://www.medela.com/dam/medela-com/breastfeeding-consumer/documents/general.pdf/infographic-what-is-normal-in-breastfeeding.pdf?uuid=jcr:6e23e804-c9c1-4e76-88b9-923752b4c451,,Nursing Top,,Maternity And Nursing Wear,en,,medala.com,https://www.medela.com/.imaging/mte/medela-2018/product/dam/medela-com/breastfeeding-consumer/pictures/products/nursing-top/medela-bravado-nursing-top-black.jpg/jcr:content/medela-nursing-top-black.jpg,Instructions for use,https://www.medela.com/breastfeeding/products/maternity-and-nursing-wear/nursing-top
Medela,,https://www.medela.com/dam/medela-com/breastfeeding-consumer/documents/general.pdf/infographic-what-makes-breast-milk-unique.pdf?uuid=jcr:cdefe113-2161-478b-8be2-c41917faa5e5,,Nursing Top,,Maternity And Nursing Wear,en,,medala.com,https://www.medela.com/.imaging/mte/medela-2018/product/dam/medela-com/breastfeeding-consumer/pictures/products/nursing-top/medela-bravado-nursing-top-black.jpg/jcr:content/medela-nursing-top-black.jpg,Instructions for use,https://www.medela.com/breastfeeding/products/maternity-and-nursing-wear/nursing-top
Medela,,https://www.medela.com/dam/medela-com/breastfeeding-consumer/documents/products/breast-shells.pdf/breast-shells-instructions-for-use.pdf?uuid=jcr:eefce123-1f88-4529-aecc-67b6eb7125dd,,Breast shells,,Breast Care,en,,medala.com,https://www.medela.com/.imaging/mte/medela-2018/product/dam/medela-com/breastfeeding-consumer/pictures/products/breast-shells/medela-breast-care-breast-shells-2-pieces.jpg/jcr:content/medela-breast-care-breast-shells-2-pieces.jpg,Instructions for use,https://www.medela.com/breastfeeding/products/breast-care/breast-shells
Medela,,https://www.medela.com/dam/medela-com/breastfeeding-consumer/documents/products/nipple-formers.pdf/nipple_formers_ifu.pdf?uuid=jcr:6fb2a881-4243-4f76-8f89-58ce71e7d4e8,,Nipple formers,,Breast Care,en,,medala.com,https://www.medela.com/.imaging/mte/medela-2018/product/dam/medela-com/breastfeeding-consumer/pictures/products/nipple-former/medela-breast-care-nipple-former-2-pieces.jpg/jcr:content/nipple-former-side.jpg,Instructions for use,https://www.medela.com/breastfeeding/products/breast-care/nipple-formers
Medela,,https://www.medela.com/dam/medela-com/breastfeeding-consumer/documents/general.pdf/leaking-breasts-what-you-need-to-know.pdf?uuid=jcr:9d0de380-af46-48e3-9f56-46ed38291f3f,,Safe & Dry,,Breast Care,en,,medala.com,https://www.medela.com/.imaging/mte/medela-2018/product/dam/medela-com/breastfeeding-consumer/pictures/products/disposable-nursing-pads/medela-breast-care-disposable-nursing-pads-single.jpg/jcr:content/disposable_nursing_pads_super_kombi.jpg,Instructions for use,https://www.medela.com/breastfeeding/products/breast-care/disposable-nursing-pads
Medela,,https://www.medela.com/dam/medela-com/breastfeeding-consumer/documents/products/washable-bra-pads.pdf/medela-washable-bra-pads-instructions-for-use.pdf?uuid=jcr:7c2fe1f0-45de-42e6-bed0-97351b35a60c,,Safe & Dry,,Breast Care,en,,medala.com,https://www.medela.com/.imaging/mte/medela-2018/product/dam/medela-com/breastfeeding-consumer/pictures/products/washable-bra-pads/medela-breast-care-washable-bra-pads-2-pieces.jpg/jcr:content/medela-breast-care-washable-bra-pads-2-pieces.jpg,Instructions for use,https://www.medela.com/breastfeeding/products/breast-care/washable-bra-pads
Medela,,https://www.medela.com/dam/medela-com/breastfeeding-consumer/documents/general.pdf/leaking-breasts-what-you-need-to-know.pdf?uuid=jcr:9d0de380-af46-48e3-9f56-46ed38291f3f,,Safe & Dry,,Breast Care,en,,medala.com,https://www.medela.com/.imaging/mte/medela-2018/product/dam/medela-com/breastfeeding-consumer/pictures/products/washable-bra-pads/medela-breast-care-washable-bra-pads-2-pieces.jpg/jcr:content/medela-breast-care-washable-bra-pads-2-pieces.jpg,Instructions for use,https://www.medela.com/breastfeeding/products/breast-care/washable-bra-pads
Medela,,https://www.medela.com/dam/medela-com/breastfeeding-consumer/documents/products/hydrogel-pads.pdf/hydrogel-pads-instructions-for-use.pdf?uuid=jcr:b7860a12-b36f-4bc0-8483-5f581d1bc07d,,Hydrogel pads,,Breast Care,en,,medala.com,https://www.medela.com/.imaging/mte/medela-2018/product/dam/medela-com/breastfeeding-consumer/pictures/products/hydrogel-pads/medela-breast-care-hydrogel-pads-single.jpg/jcr:content/medela-breast-care-hydrogel-pads-single-trans.jpg,Instructions for use,https://www.medela.com/breastfeeding/products/breast-care/hydrogel-pads
Medela,,https://www.medela.com/dam/medela-com/breastfeeding-consumer/documents/products/contact-nipple-shield/101046016_2023-08-A_contact-nippleshield-home-ifu-multiple_low.pdf/medela-contact-nipple-shield-instuctions-for-use.pdf?uuid=jcr:e3880b54-d663-4f73-ba55-f54763f7b8be,,Contact,,Breast Care,en,,medala.com,https://www.medela.com/.imaging/mte/medela-2018/product/dam/medela-com/breastfeeding-consumer/pictures/products/contact-nipple-shield/CNS-front-20mm-trans.jpg/jcr:content/CNS-front-angle-20mm-.jpg,Instructions for use,https://www.medela.com/breastfeeding/products/breast-care/contact-nipple-shield
Medela,,https://www.medela.com/dam/medela-com/breastfeeding-consumer/documents/products/contact-nipple-shield.pdf/101038412-2023-09-b-contact-nippleshield-sizing-guide.pdf?uuid=jcr:6d213c6f-df85-4e30-9d48-af57b5a7be78,,Contact,,Breast Care,en,,medala.com,https://www.medela.com/.imaging/mte/medela-2018/product/dam/medela-com/breastfeeding-consumer/pictures/products/contact-nipple-shield/CNS-front-20mm-trans.jpg/jcr:content/CNS-front-angle-20mm-.jpg,Instructions for use,https://www.medela.com/breastfeeding/products/breast-care/contact-nipple-shield
Medela,,https://www.medela.com/dam/medela-com/breastfeeding-consumer/documents/products/milk-collection-shells.pdf/milk-collection-shells-instructions-for-use.pdf?uuid=jcr:77d7be5b-26fd-4c69-abcd-0da2ace44575,,Milk collection shells,,Breast Care,en,,medala.com,https://www.medela.com/.imaging/mte/medela-2018/product/dam/medela-com/breastfeeding-consumer/pictures/products/milk-collection-shells/medela-breast-care-milk-collection-shells-2-pieces.jpg/jcr:content/medela-breast-care-milk-collection-shells-2-pieces.jpg,Instructions for use,https://www.medela.com/breastfeeding/products/breast-care/milk-collection-shells
Medela,,https://www.medela.com/dam/medela-com/breastfeeding-consumer/documents/general.pdf/leaking-breasts-what-you-need-to-know.pdf?uuid=jcr:9d0de380-af46-48e3-9f56-46ed38291f3f,,Milk collection shells,,Breast Care,en,,medala.com,https://www.medela.com/.imaging/mte/medela-2018/product/dam/medela-com/breastfeeding-consumer/pictures/products/milk-collection-shells/medela-breast-care-milk-collection-shells-2-pieces.jpg/jcr:content/medela-breast-care-milk-collection-shells-2-pieces.jpg,Instructions for use,https://www.medela.com/breastfeeding/products/breast-care/milk-collection-shells
Medela,,https://www.medela.com/dam/medela-com/breastfeeding-consumer/documents/products/textiles/maternity-and-nursing-pillow/101036196-2018-03-A-maternity-and-nursing-pillow-ifu-low-multiple--1-.pdf/null.pdf?uuid=jcr:65036af0-7803-486e-bbfe-be9cf37f9dd4,,Maternity and nursing pillow,,Breastfeeding Accessories,en,,medala.com,https://www.medela.com/.imaging/mte/medela-2018/product/dam/medela-com/breastfeeding-consumer/pictures/products/nursing-pillow/Pillow-main-picture-1-.tif/jcr:content/Pillow%20main%20picture(1).jpg,Instructions for use,https://www.medela.com/breastfeeding/products/accessories/nursing-pillow
Medela,,https://www.medela.com/dam/medela-com/breastfeeding-consumer/documents/general.pdf/leaking-breasts-what-you-need-to-know.pdf?uuid=jcr:9d0de380-af46-48e3-9f56-46ed38291f3f,,Safe & Dry,,Breast Care,en,,medala.com,https://www.medela.com/.imaging/mte/medela-2018/product/dam/medela-com/breastfeeding-consumer/pictures/products/ultra-thin-nursing-pads/ultra-thin-disposible-nursing-pads-key.jpg/jcr:content/ultra-thin-disposible-nursing-pads-key.jpg,Instructions for use,https://www.medela.com/breastfeeding/products/breast-care/ultra-thin-disposable-nursing-pads
Medela,,https://www.medela.com/dam/medela-com/breastfeeding-consumer/documents/general.pdf/leaking-breasts-what-you-need-to-know.pdf?uuid=jcr:9d0de380-af46-48e3-9f56-46ed38291f3f,,Breast Massage Oil,,Breast Care,en,,medala.com,https://www.medela.com/.imaging/mte/medela-2018/product/dam/medela-com/breastfeeding-consumer/pictures/products/breast-massage-oil/Medela_DA_oil_50ml_front_0405_ENG.png/jcr:content/Medela_DA_oil_50ml_front_0405_ENG.png,Instructions for use,https://www.medela.com/breastfeeding/products/breast-care/breast-massage-oil
Medela,,https://www.medela.com/dam/medela-com/breastfeeding-consumer/documents/general.pdf/leaking-breasts-what-you-need-to-know.pdf?uuid=jcr:9d0de380-af46-48e3-9f56-46ed38291f3f,,Organic Nipple Cream,,Breast Care,en,,medala.com,https://www.medela.com/.imaging/mte/medela-2018/product/dam/medela-com/breastfeeding-consumer/pictures/products/organic-nipple-cream/medela-balm.png/jcr:content/nipple-balm-organic-main.png,Instructions for use,https://www.medela.com/breastfeeding/products/breast-care/organic-nipple-cream
Medela,,https://www.medela.com/dam/medela-com/breastfeeding-consumer/documents/products/purelan.pdf/null.pdf?uuid=jcr:1d58396b-aab2-4c8a-98b5-d6d8288dce14,,Purelan,,Breast Care,en,,medala.com,https://www.medela.com/.imaging/mte/medela-2018/product/dam/medela-com/breastfeeding-consumer/pictures/products/purelan_new2020/purelan_landing-Kopie.jpg/jcr:content/purelan_landing%20Kopie.jpg,Instructions for use,https://www.medela.com/breastfeeding/products/breast-care/purelan
Medela,,https://www.medela.com/dam/medela-com/breastfeeding-consumer/documents/products/swing-maxi_new.pdf/medela-swing-maxi-instructions-for-use.pdf?uuid=jcr:2ae04357-5fad-40e8-94c9-5acaf9d9946c,,Replacement Tubing for Freestyle Flex,,Breastfeeding Accessories,en,,medala.com,https://www.medela.com/.imaging/mte/medela-2018/product/dam/medela-com/breastfeeding-consumer/pictures/products/tubing/freestyle-flex-swing-maxi-replacement-tubing.jpg/jcr:content/freestyle-flex-swing-maxi-replacement-tubing.jpg,Instructions for use,https://www.medela.com/breastfeeding/products/accessories/freestyle-flex-replacement-tubing
Medela,,https://www.medela.com/dam/medela-com/breastfeeding-consumer/documents/products/quick-clean-microwave-bags.pdf/quick-clean-microwave-bags-instructions-for-use.pdf?uuid=jcr:a8092d48-e715-4da1-9ed6-759b81dd95b3,,Quick Clean,,Breastfeeding Accessories,en,,medala.com,https://www.medela.com/.imaging/mte/medela-2018/product/dam/medela-com/breastfeeding-consumer/pictures/products/quick-clean-microwave-bags/quick_clean_bag_front_closed.jpg/jcr:content/quick_clean_bag_front_closed-.jpg,Instructions for use,https://www.medela.com/breastfeeding/products/accessories/quick-clean-bags
Medela,,https://www.medela.com/dam/medela-com/breastfeeding-consumer/documents/products/breast-milk-bottles.pdf/medela-breast-milk-bottles-instructions-for-use.pdf?uuid=jcr:9ae25207-773c-4801-807d-a969faf9c36b,,Breast milk storage bottles,,Breast Milk Collecting,en,,medala.com,https://www.medela.com/.imaging/mte/medela-2018/product/dam/medela-com/breastfeeding-consumer/pictures/products/breast-milk-bottles/breast-milk-bottles-150ml-3-pieces/medela-collecting-breast-milk-bottles-150ml-3-pieces.jpg/jcr:content/Breast%20milk%20bottles_150%20ml_1.png,Instructions for use,https://www.medela.com/breastfeeding/products/collecting/storage-bottles
Medela,,https://www.medela.com/dam/medela-com/breastfeeding-professional/documents/products/special-needs-feeder/190.1057-2021-09-R-special-needs-feeder-ifu-EN-DE-FR-IT-NL-CS-HU-TR-RO-EL-AR-low-final.pdf/special-needs-feeder-instructions-for-use.pdf?uuid=jcr:eccd7984-ac92-49e1-bcf0-15a60370ac9b,,SpecialNeeds Feeder,,Breast Milk Feeding,en,,medala.com,https://www.medela.com/.imaging/mte/medela-2018/product/dam/medela-com/breastfeeding-professional/pictures/products/special-needs-feeder/medela-feeding-specialneeds-feeder.jpg/jcr:content/medela-feeding-specialneeds-feeder2%20(2).jpg,Instructions for use,https://www.medela.com/breastfeeding/products/feeding/special-needs-feeder
Medela,,https://www.medela.com/dam/medela-com/breastfeeding-professional/documents/products/soft-cup-advanced-cup-feeder.pdf/softcup-advanced-cup-feeder-instructions-for-use.pdf?uuid=jcr:332a8f12-7dc1-420b-82bd-152cd336cf2f,,SoftCup,,Breast Milk Feeding,en,,medala.com,https://www.medela.com/.imaging/mte/medela-2018/product/dam/medela-com/breastfeeding-professional/pictures/products/softcup/medela-feeding-softcup-advanced-cup-feeder-for-professionals.jpg/jcr:content/medela-feeding-softcup-advanced-cup-feeder-for-professionals2%20(1).jpg,Instructions for use,https://www.medela.com/breastfeeding/products/feeding/soft-cup
Medela,,https://www.medela.com/dam/medela-com/breastfeeding-professional/documents/products/supplemental-nursing-system/101043652-2022-08-A-SNS-IfU-EN-ES-FR_low.pdf/null.pdf?uuid=jcr:6b663fd0-67a9-4659-9dba-c831351af09e,,Supplemental Nursing System (SNS),,Breast Milk Feeding,en,,medala.com,https://www.medela.com/.imaging/mte/medela-2018/product/dam/medela-com/breastfeeding-professional/pictures/products/supplemental-nursing-system/SNS-Full-System-Hanging.jpg/jcr:content/SNS%20EComm_primary%20product%20image.jpg,Instructions for use,https://www.medela.com/breastfeeding/products/feeding/supplemental-nursing-system
Medela,,https://www.medela.com/dam/medela-com/breastfeeding-professional/documents/products/supplemental-nursing-system/SNS-Quick-Card_A4.pdf/null.pdf?uuid=jcr:6cbad690-df4a-4c19-ac43-4c208efb2c79,,Supplemental Nursing System (SNS),,Breast Milk Feeding,en,,medala.com,https://www.medela.com/.imaging/mte/medela-2018/product/dam/medela-com/breastfeeding-professional/pictures/products/supplemental-nursing-system/SNS-Full-System-Hanging.jpg/jcr:content/SNS%20EComm_primary%20product%20image.jpg,Instructions for use,https://www.medela.com/breastfeeding/products/feeding/supplemental-nursing-system
Medela,,"https://www.medela.com/dam/medela-com/breastfeeding-consumer/documents/products/baby/Medela-Baby-Pacifier-holder-Instructions-for-Use-PDF-–-EN,-DE,-FR,-IT,-NL,-ES,-PT.pdf/instructions-for-use.pdf.pdf?uuid=jcr:b6c1d8ed-5559-46ff-923d-a4bde273ec1e",,SOOTHER HOLDER,,Baby Care,en,,medala.com,https://www.medela.com/.imaging/mte/medela-2018/product/dam/medela-com/breastfeeding-consumer/pictures/products/baby/Products/PACIFIER-HOLDER/PACIFIER-HOLDER---Main-carrousel-image.jpg/jcr:content/PACIFIER%20HOLDER%20Uno%20-%20Signature%20collection.jpg,Instructions for use,https://www.medela.com/breastfeeding/products/medelababy/babycare/pacifier-holder
Medela,,https://www.medela.com/dam/medela-com/breastfeeding-consumer/documents/products/baby/116195-10CA-Medela-Baby-Cluster-C---IFU.pdf/instruction-of-use.pdf.pdf?uuid=jcr:7a6224b8-9903-47cb-a3d7-ac3552c16af9,,NEWBORN dummy,,Baby Care,en,,medala.com,https://www.medela.com/.imaging/mte/medela-2018/product/dam/medela-com/breastfeeding-consumer/pictures/products/baby/Products/NEWBORN/NEWBORN---main-carrousel-image---final.jpg/jcr:content/NEWBORN---main-carrousel-image---final.jpg.jpg,Instructions for use,https://www.medela.com/breastfeeding/products/medelababy/babycare/newborn
Medela,,https://www.medela.com/dam/medela-com/breastfeeding-consumer/documents/products/baby/116195-10CA-Medela-Baby-Cluster-C---IFU.pdf/instruction-of-use.pdf.pdf?uuid=jcr:7a6224b8-9903-47cb-a3d7-ac3552c16af9,,SOFT SILICONE dummy,,Baby Care,en,,medala.com,https://www.medela.com/.imaging/mte/medela-2018/product/dam/medela-com/breastfeeding-consumer/pictures/products/baby/Products/SOFT-SILICONE/SOFT-SILICONE-0-6-months-–-Uno-–-Transparent.jpg/jcr:content/SOFT%20SILICONE%200-6%20months%20-%20Uno%20-%20Transparent.jpg,Instructions for use,https://www.medela.com/breastfeeding/products/medelababy/babycare/soft-silicone
Medela,,https://www.medela.com/dam/medela-com/breastfeeding-consumer/documents/products/baby/116195-10CA-Medela-Baby-Cluster-C---IFU.pdf/instruction-of-use.pdf.pdf?uuid=jcr:7a6224b8-9903-47cb-a3d7-ac3552c16af9,,DAY & NIGHT dummy,,Baby Care,en,,medala.com,https://www.medela.com/.imaging/mte/medela-2018/product/dam/medela-com/breastfeeding-consumer/pictures/products/baby/Products/DAY---NIGHT/DAY---NIGHT-Duo---Signature-collection.jpg/jcr:content/DAY%20&%20NIGHT%20Duo%20-%20Signature%20collection.jpg,Instructions for use,https://www.medela.com/breastfeeding/products/medelababy/babycare/day-night
Medela,,https://www.medela.com/dam/medela-com/breastfeeding-consumer/documents/products/baby/116195-10CA-Medela-Baby-Cluster-C---IFU.pdf/instruction-of-use.pdf.pdf?uuid=jcr:7a6224b8-9903-47cb-a3d7-ac3552c16af9,,NIGHT & NIGHT dummy,,Baby Care,en,,medala.com,https://www.medela.com/.imaging/mte/medela-2018/product/dam/medela-com/breastfeeding-consumer/pictures/products/baby/Products/NIGHT-NIGHT/Night-Duo_Hedgehog_0-6.jpg0/jcr:content/Night%20Duo_Hedgehog_0-6.jpg,Instructions for use,https://www.medela.com/breastfeeding/products/medelababy/babycare/night-night
Medela,,https://www.medela.com/dam/medela-com/breastfeeding-consumer/documents/products/baby/116195-10CA-Medela-Baby-Cluster-C---IFU.pdf/instruction-of-use.pdf.pdf?uuid=jcr:7a6224b8-9903-47cb-a3d7-ac3552c16af9,,ORIGINAL dummy,,Baby Care,en,,medala.com,https://www.medela.com/.imaging/mte/medela-2018/product/dam/medela-com/breastfeeding-consumer/pictures/products/baby/Products/ORIGINAL/ORIGINAL-Duo---Signature-collection.jpg/jcr:content/ORIGINAL%20Duo%20-%20Signature%20collection.jpg,Instructions for use,https://www.medela.com/breastfeeding/products/medelababy/babycare/original
